Month,Year
1,2011
2,2011
3,2011
4,2011
5,2011
6,2011
7,2011
8,2011
9,2011
10,2011
11,2011
12,2011
1,2012
2,2012
3,2012
4,2012
5,2012
6,2012
7,2012
8,2012
9,2012
10,2012
11,2012
12,2012
1,2013
2,2013
3,2013
4,2013
5,2013
6,2013
7,2013
8,2013
9,2013
10,2013
11,2013
12,2013
1,2014
2,2014
3,2014
4,2014
5,2014
6,2014
7,2014
8,2014
9,2014
10,2014
11,2014
12,2014
1,2015
2,2015
3,2015
4,2015
5,2015
6,2015
7,2015
8,2015
9,2015
10,2015
11,2015
12,2015
1,2016
2,2016
3,2016
4,2016
5,2016
6,2016
7,2016
8,2016
9,2016
10,2016
11,2016
12,2016
1,2017
2,2017
3,2017
4,2017
5,2017
6,2017
7,2017
8,2017
9,2017
10,2017
11,2017
12,2017
1,2018
2,2018
3,2018
4,2018
5,2018
6,2018
7,2018
8,2018
9,2018
10,2018
11,2018
12,2018
1,2019
2,2019
3,2019
4,2019
5,2019
6,2019
7,2019
8,2019
9,2019
10,2019
11,2019
12,2019
1,2020
2,2020
3,2020
4,2020
5,2020
6,2020
7,2020
8,2020
9,2020
10,2020
11,2020
12,2020
1,2021
2,2021
3,2021
4,2021
5,2021
6,2021
7,2021
8,2021
9,2021
10,2021
11,2021
12,2021
1,2022
2,2022
3,2022
4,2022
5,2022
6,2022
7,2022
8,2022
9,2022
10,2022
11,2022
12,2022
1,2023
2,2023
3,2023
4,2023
5,2023
6,2023
7,2023
8,2023
9,2023
10,2023
11,2023
12,2023
1,2024
2,2024
3,2024
4,2024
5,2024
6,2024
7,2024
8,2024
9,2024
10,2024
11,2024
12,2024
1,2025
2,2025
3,2025
4,2025
5,2025
6,2025
7,2025
8,2025
9,2025
10,2025
11,2025
12,2025
1,2026
2,2026
3,2026
4,2026
5,2026
6,2026
7,2026
8,2026
9,2026
10,2026
11,2026
12,2026
1,2027
2,2027
3,2027
4,2027
5,2027
6,2027
7,2027
8,2027
9,2027
10,2027
11,2027
12,2027
1,2028
2,2028
3,2028
4,2028
5,2028
6,2028
7,2028
8,2028
9,2028
10,2028
11,2028
12,2028
1,2029
2,2029
3,2029
4,2029
5,2029
6,2029
7,2029
8,2029
9,2029
10,2029
11,2029
12,2029
1,2030
2,2030
3,2030
4,2030
5,2030
6,2030
7,2030
8,2030
9,2030
10,2030
11,2030
12,2030
1,2031
2,2031
3,2031
4,2031
5,2031
6,2031
7,2031
8,2031
9,2031
10,2031
11,2031
12,2031
1,2032
2,2032
3,2032
4,2032
5,2032
6,2032
7,2032
8,2032
9,2032
10,2032
11,2032
12,2032
1,2033
2,2033
3,2033
4,2033
5,2033
6,2033
7,2033
8,2033
9,2033
10,2033
11,2033
12,2033
1,2034
2,2034
3,2034
4,2034
5,2034
6,2034
7,2034
8,2034
9,2034
10,2034
11,2034
12,2034
1,2035
2,2035
3,2035
4,2035
5,2035
6,2035
7,2035
8,2035
9,2035
10,2035
11,2035
12,2035
1,2036
2,2036
3,2036
4,2036
5,2036
6,2036
7,2036
8,2036
9,2036
10,2036
11,2036
12,2036
1,2037
2,2037
3,2037
4,2037
5,2037
6,2037
7,2037
8,2037
9,2037
10,2037
11,2037
12,2037
1,2038
2,2038
3,2038
4,2038
5,2038
6,2038
7,2038
8,2038
9,2038
10,2038
11,2038
12,2038
1,2039
2,2039
3,2039
4,2039
5,2039
6,2039
7,2039
8,2039
9,2039
10,2039
11,2039
12,2039
1,2040
2,2040
3,2040
4,2040
5,2040
6,2040
7,2040
8,2040
9,2040
10,2040
11,2040
12,2040
1,2041
2,2041
3,2041
4,2041
5,2041
6,2041
7,2041
8,2041
9,2041
10,2041
11,2041
12,2041
1,2042
2,2042
3,2042
4,2042
5,2042
6,2042
7,2042
8,2042
9,2042
10,2042
11,2042
12,2042
1,2043
2,2043
3,2043
4,2043
5,2043
6,2043
7,2043
8,2043
9,2043
10,2043
11,2043
12,2043
1,2044
2,2044
3,2044
4,2044
5,2044
6,2044
7,2044
8,2044
9,2044
10,2044
11,2044
12,2044
1,2045
2,2045
3,2045
4,2045
5,2045
6,2045
7,2045
8,2045
9,2045
10,2045
11,2045
12,2045
1,2046
2,2046
3,2046
4,2046
5,2046
6,2046
7,2046
8,2046
9,2046
10,2046
11,2046
12,2046
1,2047
2,2047
3,2047
4,2047
5,2047
6,2047
7,2047
8,2047
9,2047
10,2047
11,2047
12,2047
1,2048
2,2048
3,2048
4,2048
5,2048
6,2048
7,2048
8,2048
9,2048
10,2048
11,2048
12,2048
1,2049
2,2049
3,2049
4,2049
5,2049
6,2049
7,2049
8,2049
9,2049
10,2049
11,2049
12,2049
1,2050
2,2050
3,2050
4,2050
5,2050
6,2050
7,2050
8,2050
9,2050
10,2050
11,2050
12,2050
1,2051
2,2051
3,2051
4,2051
5,2051
6,2051
7,2051
8,2051
9,2051
10,2051
11,2051
12,2051
1,2052
2,2052
3,2052
4,2052
5,2052
6,2052
7,2052
8,2052
9,2052
10,2052
11,2052
12,2052
1,2053
2,2053
3,2053
4,2053
5,2053
6,2053
7,2053
8,2053
9,2053
10,2053
11,2053
12,2053
1,2054
2,2054
3,2054
4,2054
5,2054
6,2054
7,2054
8,2054
9,2054
10,2054
11,2054
12,2054
1,2055
2,2055
3,2055
4,2055
5,2055
6,2055
7,2055
8,2055
9,2055
10,2055
11,2055
12,2055
1,2056
2,2056
3,2056
4,2056
5,2056
6,2056
7,2056
8,2056
9,2056
10,2056
11,2056
12,2056
1,2057
2,2057
3,2057
4,2057
5,2057
6,2057
7,2057
8,2057
9,2057
10,2057
11,2057
12,2057
1,2058
2,2058
3,2058
4,2058
5,2058
6,2058
7,2058
8,2058
9,2058
10,2058
11,2058
12,2058
1,2059
2,2059
3,2059
4,2059
5,2059
6,2059
7,2059
8,2059
9,2059
10,2059
11,2059
12,2059
1,2060
2,2060
3,2060
4,2060
5,2060
6,2060
7,2060
8,2060
9,2060
10,2060
11,2060
12,2060
