Month,Year,A,B,C
1,2011,x,0,0
2,2011,0,x,0
3,2011,0,0,0
4,2011,96.100575,1152.0168,419.807775
5,2011,903.6826,2670.5844,1205.472125
6,2011,0,0,0
7,2011,0,0,0
8,2011,0,0,0
9,2011,1418.579365,2856.24,1681.92866
10,2011,429.923625,228.38019,402.7794275
11,2011,0,0,0
12,2011,0,0,0
1,2012,0,0,0
2,2012,0,0,0
3,2012,0,0,0
4,2012,0,0,0
5,2012,0,0,0
6,2012,0,0,0
7,2012,0,0,0
8,2012,0,0,0
9,2012,0,0,0
10,2012,0,0,0
11,2012,0,0,0
12,2012,0,0,0
1,2013,0,0,0
2,2013,0,0,0
3,2013,273.9709375,0,0
4,2013,906.3464405,0,0
5,2013,772.0079525,0,0
6,2013,0,0,0
7,2013,0,0,0
8,2013,0,0,0
9,2013,0,0,0
10,2013,0,1274.379475,0
11,2013,0,865.2887875,0
12,2013,0,0,0
1,2014,0,0,0
2,2014,0,0,0
3,2014,0,0,0
4,2014,0,0,0
5,2014,0,0,0
6,2014,0,0,0
7,2014,0,0,0
8,2014,0,0,0
9,2014,0,0,303.4755
10,2014,0,0,0
11,2014,0,0,0
12,2014,0,0,0
1,2015,0,0,0
2,2015,0,0,0
3,2015,0,0,0
4,2015,0,1200.235358,0
5,2015,1570.33695,3478.866828,1825.2595
6,2015,0,0,0
7,2015,0,0,0
8,2015,0,0,0
9,2015,147.4294772,2747.373965,1388.06062
10,2015,0,0,85.1757389
11,2015,0,0,0
12,2015,0,0,0
1,2016,0,0,0
2,2016,0,0,0
3,2016,141.6757769,0,781.4090946
4,2016,350.5700283,1592.259618,175.1325
5,2016,135.0322968,1190.214075,0
6,2016,0,0,0
7,2016,0,0,0
8,2016,0,0,0
9,2016,228.1234095,2342.731639,2093.134211
10,2016,30.25310345,485.612895,0
11,2016,113.633759,1502.738376,0
12,2016,0,0,0
1,2017,0,0,0
2,2017,0,0,0
3,2017,0,0,0
4,2017,0,0,0
5,2017,0,0,0
6,2017,0,0,0
7,2017,0,0,0
8,2017,0,0,0
9,2017,0,0,0
10,2017,0,0,0
11,2017,0,0,0
12,2017,0,0,0
1,2018,0,0,0
2,2018,0,0,0
3,2018,0,0,0
4,2018,0,0,0
5,2018,0,0,0
6,2018,0,0,0
7,2018,0,0,0
8,2018,0,0,0
9,2018,0,0,0
10,2018,0,0,0
11,2018,0,0,0
12,2018,0,0,0
1,2019,0,0,0
2,2019,0,0,0
3,2019,0,0,0
4,2019,0,0,0
5,2019,0,0,0
6,2019,0,0,0
7,2019,0,0,0
8,2019,0,0,0
9,2019,0,0,0
10,2019,0,0,0
11,2019,0,0,0
12,2019,0,0,0
1,2020,0,0,0
2,2020,0,0,0
3,2020,0,0,0
4,2020,0,0,0
5,2020,0,0,0
6,2020,0,0,0
7,2020,0,0,0
8,2020,0,0,0
9,2020,0,0,0
10,2020,0,0,0
11,2020,0,0,0
12,2020,0,0,0
1,2021,0,0,0
2,2021,0,0,0
3,2021,0,0,0
4,2021,0,0,0
5,2021,0,0,0
6,2021,0,0,0
7,2021,0,0,0
8,2021,0,0,0
9,2021,0,0,0
10,2021,0,0,0
11,2021,0,0,0
12,2021,0,0,0
1,2022,0,0,0
2,2022,0,0,0
3,2022,0,0,0
4,2022,0,0,0
5,2022,0,0,0
6,2022,0,0,0
7,2022,0,0,0
8,2022,0,0,0
9,2022,0,0,0
10,2022,0,0,0
11,2022,0,0,0
12,2022,0,0,0
1,2023,0,0,0
2,2023,0,0,0
3,2023,0,0,0
4,2023,0,0,0
5,2023,0,0,0
6,2023,0,0,0
7,2023,0,0,0
8,2023,0,0,0
9,2023,0,0,0
10,2023,0,0,0
11,2023,0,0,0
12,2023,0,0,0
1,2024,0,0,0
2,2024,0,0,0
3,2024,0,0,0
4,2024,0,0,0
5,2024,0,0,0
6,2024,0,0,0
7,2024,0,0,0
8,2024,0,0,0
9,2024,0,0,0
10,2024,0,0,0
11,2024,0,0,0
12,2024,0,0,0
1,2025,0,0,0
2,2025,0,0,0
3,2025,0,0,0
4,2025,0,0,0
5,2025,0,0,0
6,2025,0,0,0
7,2025,0,0,0
8,2025,0,0,0
9,2025,0,0,0
10,2025,0,0,0
11,2025,0,0,0
12,2025,0,0,0
1,2026,0,0,0
2,2026,0,0,0
3,2026,0,0,0
4,2026,0,0,0
5,2026,0,0,0
6,2026,0,0,0
7,2026,0,0,0
8,2026,0,0,0
9,2026,0,0,0
10,2026,0,0,0
11,2026,0,0,0
12,2026,0,0,0
1,2027,0,0,0
2,2027,0,0,0
3,2027,0,0,0
4,2027,0,0,0
5,2027,0,0,0
6,2027,0,0,0
7,2027,0,0,0
8,2027,0,0,0
9,2027,0,0,0
10,2027,0,0,0
11,2027,0,0,0
12,2027,0,0,0
1,2028,0,0,0
2,2028,0,0,0
3,2028,0,0,0
4,2028,0,0,0
5,2028,0,0,0
6,2028,0,0,0
7,2028,0,0,0
8,2028,0,0,0
9,2028,0,0,0
10,2028,0,0,0
11,2028,0,0,0
12,2028,0,0,0
1,2029,0,0,0
2,2029,0,0,0
3,2029,0,0,0
4,2029,0,0,0
5,2029,0,0,0
6,2029,0,0,0
7,2029,0,0,0
8,2029,0,0,0
9,2029,0,0,0
10,2029,0,0,0
11,2029,0,0,0
12,2029,0,0,0
1,2030,0,0,0
2,2030,0,0,0
3,2030,0,0,0
4,2030,0,0,0
5,2030,0,0,0
6,2030,0,0,0
7,2030,0,0,0
8,2030,0,0,0
9,2030,0,0,0
10,2030,0,0,0
11,2030,0,0,0
12,2030,0,0,0
1,2031,0,0,0
2,2031,0,0,0
3,2031,0,0,0
4,2031,0,0,0
5,2031,0,0,0
6,2031,0,0,0
7,2031,0,0,0
8,2031,0,0,0
9,2031,0,0,0
10,2031,0,0,0
11,2031,0,0,0
12,2031,0,0,0
1,2032,0,0,0
2,2032,0,0,0
3,2032,0,0,0
4,2032,0,0,0
5,2032,0,0,0
6,2032,0,0,0
7,2032,0,0,0
8,2032,0,0,0
9,2032,0,0,0
10,2032,0,0,0
11,2032,0,0,0
12,2032,0,0,0
1,2033,0,0,0
2,2033,0,0,0
3,2033,0,0,0
4,2033,0,0,0
5,2033,0,0,0
6,2033,0,0,0
7,2033,0,0,0
8,2033,0,0,0
9,2033,0,0,0
10,2033,0,0,0
11,2033,0,0,0
12,2033,0,0,0
1,2034,0,0,0
2,2034,0,0,0
3,2034,0,0,0
4,2034,0,0,0
5,2034,0,0,0
6,2034,0,0,0
7,2034,0,0,0
8,2034,0,0,0
9,2034,0,0,0
10,2034,0,0,0
11,2034,0,0,0
12,2034,0,0,0
1,2035,0,0,0
2,2035,0,0,0
3,2035,0,0,0
4,2035,0,0,0
5,2035,0,0,0
6,2035,0,0,0
7,2035,0,0,0
8,2035,0,0,0
9,2035,0,0,0
10,2035,0,0,0
11,2035,0,0,0
12,2035,0,0,0
1,2036,0,0,0
2,2036,0,0,0
3,2036,0,0,0
4,2036,0,0,0
5,2036,0,0,0
6,2036,0,0,0
7,2036,0,0,0
8,2036,0,0,0
9,2036,0,0,0
10,2036,0,0,0
11,2036,0,0,0
12,2036,0,0,0
1,2037,0,0,0
2,2037,0,0,0
3,2037,0,0,0
4,2037,0,0,0
5,2037,0,0,0
6,2037,0,0,0
7,2037,0,0,0
8,2037,0,0,0
9,2037,0,0,0
10,2037,0,0,0
11,2037,0,0,0
12,2037,0,0,0
1,2038,0,0,0
2,2038,0,0,0
3,2038,0,0,0
4,2038,0,0,0
5,2038,0,0,0
6,2038,0,0,0
7,2038,0,0,0
8,2038,0,0,0
9,2038,0,0,0
10,2038,0,0,0
11,2038,0,0,0
12,2038,0,0,0
1,2039,0,0,0
2,2039,0,0,0
3,2039,0,0,0
4,2039,0,0,0
5,2039,0,0,0
6,2039,0,0,0
7,2039,0,0,0
8,2039,0,0,0
9,2039,0,0,0
10,2039,0,0,0
11,2039,0,0,0
12,2039,0,0,0
1,2040,0,0,0
2,2040,0,0,0
3,2040,0,0,0
4,2040,0,0,0
5,2040,0,0,0
6,2040,0,0,0
7,2040,0,0,0
8,2040,0,0,0
9,2040,0,0,0
10,2040,0,0,0
11,2040,0,0,0
12,2040,0,0,0
1,2041,0,0,0
2,2041,0,0,0
3,2041,0,0,0
4,2041,0,0,0
5,2041,0,0,0
6,2041,0,0,0
7,2041,0,0,0
8,2041,0,0,0
9,2041,0,0,0
10,2041,0,0,0
11,2041,0,0,0
12,2041,0,0,0
1,2042,0,0,0
2,2042,0,0,0
3,2042,0,0,0
4,2042,0,0,0
5,2042,0,0,0
6,2042,0,0,0
7,2042,0,0,0
8,2042,0,0,0
9,2042,0,0,0
10,2042,0,0,0
11,2042,0,0,0
12,2042,0,0,0
1,2043,0,0,0
2,2043,0,0,0
3,2043,0,0,0
4,2043,0,0,0
5,2043,0,0,0
6,2043,0,0,0
7,2043,0,0,0
8,2043,0,0,0
9,2043,0,0,0
10,2043,0,0,0
11,2043,0,0,0
12,2043,0,0,0
1,2044,0,0,0
2,2044,0,0,0
3,2044,0,0,0
4,2044,0,0,0
5,2044,0,0,0
6,2044,0,0,0
7,2044,0,0,0
8,2044,0,0,0
9,2044,0,0,0
10,2044,0,0,0
11,2044,0,0,0
12,2044,0,0,0
1,2045,0,0,0
2,2045,0,0,0
3,2045,0,0,0
4,2045,0,0,0
5,2045,0,0,0
6,2045,0,0,0
7,2045,0,0,0
8,2045,0,0,0
9,2045,0,0,0
10,2045,0,0,0
11,2045,0,0,0
12,2045,0,0,0
1,2046,0,0,0
2,2046,0,0,0
3,2046,0,0,0
4,2046,0,0,0
5,2046,0,0,0
6,2046,0,0,0
7,2046,0,0,0
8,2046,0,0,0
9,2046,0,0,0
10,2046,0,0,0
11,2046,0,0,0
12,2046,0,0,0
1,2047,0,0,0
2,2047,0,0,0
3,2047,0,0,0
4,2047,0,0,0
5,2047,0,0,0
6,2047,0,0,0
7,2047,0,0,0
8,2047,0,0,0
9,2047,0,0,0
10,2047,0,0,0
11,2047,0,0,0
12,2047,0,0,0
1,2048,0,0,0
2,2048,0,0,0
3,2048,0,0,0
4,2048,0,0,0
5,2048,0,0,0
6,2048,0,0,0
7,2048,0,0,0
8,2048,0,0,0
9,2048,0,0,0
10,2048,0,0,0
11,2048,0,0,0
12,2048,0,0,0
1,2049,0,0,0
2,2049,0,0,0
3,2049,0,0,0
4,2049,0,0,0
5,2049,0,0,0
6,2049,0,0,0
7,2049,0,0,0
8,2049,0,0,0
9,2049,0,0,0
10,2049,0,0,0
11,2049,0,0,0
12,2049,0,0,0
1,2050,0,0,0
2,2050,0,0,0
3,2050,0,0,0
4,2050,0,0,0
5,2050,0,0,0
6,2050,0,0,0
7,2050,0,0,0
8,2050,0,0,0
9,2050,0,0,0
10,2050,0,0,0
11,2050,0,0,0
12,2050,0,0,0
1,2051,0,0,0
2,2051,0,0,0
3,2051,0,0,0
4,2051,0,0,0
5,2051,0,0,0
6,2051,0,0,0
7,2051,0,0,0
8,2051,0,0,0
9,2051,0,0,0
10,2051,0,0,0
11,2051,0,0,0
12,2051,0,0,0
1,2052,0,0,0
2,2052,0,0,0
3,2052,0,0,0
4,2052,0,0,0
5,2052,0,0,0
6,2052,0,0,0
7,2052,0,0,0
8,2052,0,0,0
9,2052,0,0,0
10,2052,0,0,0
11,2052,0,0,0
12,2052,0,0,0
1,2053,0,0,0
2,2053,0,0,0
3,2053,0,0,0
4,2053,0,0,0
5,2053,0,0,0
6,2053,0,0,0
7,2053,0,0,0
8,2053,0,0,0
9,2053,0,0,0
10,2053,0,0,0
11,2053,0,0,0
12,2053,0,0,0
1,2054,0,0,0
2,2054,0,0,0
3,2054,0,0,0
4,2054,0,0,0
5,2054,0,0,0
6,2054,0,0,0
7,2054,0,0,0
8,2054,0,0,0
9,2054,0,0,0
10,2054,0,0,0
11,2054,0,0,0
12,2054,0,0,0
1,2055,0,0,0
2,2055,0,0,0
3,2055,0,0,0
4,2055,0,0,0
5,2055,0,0,0
6,2055,0,0,0
7,2055,0,0,0
8,2055,0,0,0
9,2055,0,0,0
10,2055,0,0,0
11,2055,0,0,0
12,2055,0,0,0
1,2056,0,0,0
2,2056,0,0,0
3,2056,0,0,0
4,2056,0,0,0
5,2056,0,0,0
6,2056,0,0,0
7,2056,0,0,0
8,2056,0,0,0
9,2056,0,0,0
10,2056,0,0,0
11,2056,0,0,0
12,2056,0,0,0
1,2057,0,0,0
2,2057,0,0,0
3,2057,0,0,0
4,2057,0,0,0
5,2057,0,0,0
6,2057,0,0,0
7,2057,0,0,0
8,2057,0,0,0
9,2057,0,0,0
10,2057,0,0,0
11,2057,0,0,0
12,2057,0,0,0
1,2058,0,0,0
2,2058,0,0,0
3,2058,0,0,0
4,2058,0,0,0
5,2058,0,0,0
6,2058,0,0,0
7,2058,0,0,0
8,2058,0,0,0
9,2058,0,0,0
10,2058,0,0,0
11,2058,0,0,0
12,2058,0,0,0
1,2059,0,0,0
2,2059,0,0,0
3,2059,0,0,0
4,2059,0,0,0
5,2059,0,0,0
6,2059,0,0,0
7,2059,0,0,0
8,2059,0,0,0
9,2059,0,0,0
10,2059,0,0,0
11,2059,0,0,0
12,2059,0,0,0
1,2060,0,0,0
2,2060,0,0,0
3,2060,0,0,0
4,2060,0,0,0
5,2060,0,0,0
6,2060,0,0,0
7,2060,0,0,0
8,2060,0,0,0
9,2060,0,0,0
10,2060,0,0,0
11,2060,0,0,0
12,2060,0,0,0
